CustomerID,Gender,Age,Tenure,ContractType,InternetService,MonthlyCharges,TotalCharges,PaymentMethod,TechSupport,StreamingTV,OnlineSecurity,PaperlessBilling,Churn,app_usage_frequency,last_login_days,last_recharge_days,avg_monthly_data_usage_gb,data_usage_trend,call_drop_rate,avg_network_quality_score,support_tickets_last_3m,last_support_sentiment,preferred_channel,secondary_channel,best_performing_channel,worst_performing_channel,sms_open_rate,email_open_rate,whatsapp_read_rate,channel_click_through_rate,avg_response_latency_hours,dnd_flag,email_clicks_last_30d,whatsapp_replies_last_30d,sms_ctr_last_30d,campaign_fatigue_score,last_campaign_response,geo_segment,income_proxy_segment,device_category,household_type
CUST06253,Male,62,55,Month-to-month,DSL,52.93,2866.0,Credit card,Yes,Yes,No,No,1,low,49,32,41.49,increasing,0.156,2.21,4,neutral,call,call,call,whatsapp,0.69,0.26,0.34,0.01,41.0,1,17,11,0.2,0.13,ignored,rural,low,mid-range,single
CUST04685,Female,38,25,One year,DSL,54.82,1382.58,Credit card,No,No,Yes,No,0,high,11,81,44.91,stable,0.027,4.67,4,neutral,email,email,sms,email,0.35,0.17,0.6,0.11,39.89,0,15,6,0.16,0.44,converted,rural,middle,mid-range,single
CUST01732,Male,25,36,One year,Fiber optic,102.5,3695.56,Mailed check,Yes,No,No,Yes,0,medium,48,44,7.87,decreasing,0.107,4.13,3,negative,call,whatsapp,email,sms,0.81,0.07,0.38,0.24,59.74,1,4,14,0.22,0.3,ignored,urban,low,budget,single
CUST04743,Female,44,70,Month-to-month,Fiber optic,73.92,5179.21,Credit card,No,No,Yes,Yes,0,medium,0,62,28.15,decreasing,0.103,1.44,5,positive,call,call,email,email,0.58,0.27,0.4,0.25,51.3,1,16,0,0.24,0.37,converted,rural,low,mid-range,shared
CUST04522,Male,48,34,Month-to-month,DSL,47.02,1667.08,Credit card,No,Yes,Yes,Yes,1,medium,47,41,6.32,increasing,0.172,4.99,0,positive,whatsapp,whatsapp,sms,whatsapp,0.2,0.48,0.71,0.05,2.4,1,1,2,0.09,0.24,converted,semi-urban,low,premium,shared
CUST06341,Female,24,9,One year,Fiber optic,61.91,526.28,Mailed check,No,No,No,Yes,1,high,47,23,33.94,stable,0.093,4.52,5,positive,call,whatsapp,sms,sms,0.21,0.34,0.56,0.23,4.04,1,5,14,0.03,0.76,converted,semi-urban,high,budget,family
CUST00577,Male,79,38,One year,No,30.18,1169.69,Mailed check,No,Yes,No,Yes,0,low,46,68,14.78,stable,0.077,2.14,5,positive,whatsapp,email,email,call,0.65,0.27,0.9,0.04,43.51,1,14,4,0.06,0.93,converted,semi-urban,high,budget,single
CUST05203,Male,53,18,Month-to-month,Fiber optic,48.05,881.86,Electronic check,No,Yes,No,Yes,1,high,39,87,33.31,increasing,0.128,4.35,3,negative,whatsapp,sms,call,email,0.24,0.1,0.51,0.12,35.26,0,6,4,0.12,0.5,converted,semi-urban,high,premium,shared
CUST06364,Male,41,15,One year,Fiber optic,37.8,554.71,Electronic check,Yes,No,No,Yes,0,low,28,23,36.62,increasing,0.053,1.43,4,negative,email,email,sms,call,0.51,0.16,0.77,0.3,19.1,1,14,11,0.24,0.64,converted,semi-urban,low,mid-range,family
CUST00440,Male,52,26,Month-to-month,DSL,64.96,1641.69,Mailed check,No,No,No,Yes,0,low,42,70,38.66,increasing,0.028,5.0,3,positive,call,call,email,whatsapp,0.89,0.18,0.6,0.07,30.43,1,17,2,0.1,0.87,clicked,semi-urban,middle,premium,shared
CUST02751,Female,42,71,Month-to-month,No,20.0,1332.01,Credit card,Yes,Yes,No,Yes,1,medium,16,23,6.28,decreasing,0.096,3.66,1,neutral,whatsapp,whatsapp,sms,email,0.1,0.39,0.73,0.05,54.69,1,1,7,0.19,1.0,ignored,urban,high,mid-range,family
CUST07488,Male,77,22,Month-to-month,Fiber optic,51.06,1147.14,Bank transfer,No,Yes,No,No,1,high,46,64,45.88,decreasing,0.083,3.6,4,positive,call,email,whatsapp,sms,0.11,0.44,0.69,0.13,59.6,1,0,4,0.14,0.61,ignored,rural,middle,premium,shared
CUST05273,Male,23,36,Month-to-month,DSL,46.79,1641.51,Electronic check,No,No,No,Yes,0,high,33,71,12.28,decreasing,0.047,1.36,1,positive,email,call,email,whatsapp,0.89,0.46,0.61,0.19,40.63,0,18,2,0.05,0.89,clicked,urban,low,mid-range,shared
CUST05654,Female,20,11,Month-to-month,DSL,38.93,399.54,Credit card,Yes,Yes,Yes,Yes,1,high,27,40,2.83,decreasing,0.074,4.59,1,positive,call,call,call,email,0.57,0.49,0.92,0.28,28.05,1,10,14,0.09,0.91,converted,urban,low,budget,single
CUST04000,Female,32,7,Month-to-month,Fiber optic,51.82,358.06,Credit card,No,Yes,No,Yes,1,high,30,66,28.19,decreasing,0.073,1.12,3,positive,sms,call,whatsapp,sms,0.2,0.49,0.52,0.29,19.85,0,10,2,0.17,0.79,ignored,semi-urban,low,premium,shared
CUST06034,Female,70,40,Month-to-month,Fiber optic,86.84,3410.09,Credit card,Yes,No,Yes,No,1,high,34,24,19.18,increasing,0.065,1.96,5,neutral,sms,email,call,call,0.82,0.48,0.42,0.03,37.82,1,9,1,0.17,0.46,clicked,semi-urban,high,mid-range,single
CUST00583,Female,60,12,Month-to-month,DSL,40.92,480.81,Electronic check,No,No,No,Yes,0,medium,2,7,41.66,decreasing,0.076,1.57,2,negative,whatsapp,whatsapp,whatsapp,email,0.8,0.08,0.74,0.05,23.0,1,8,10,0.11,0.08,ignored,semi-urban,low,budget,family
CUST09931,Male,33,65,Month-to-month,No,28.71,1870.97,Credit card,No,Yes,No,No,1,low,8,8,40.6,increasing,0.137,4.11,2,neutral,whatsapp,whatsapp,email,sms,0.53,0.11,0.85,0.24,40.83,0,13,13,0.06,0.02,ignored,rural,high,mid-range,single
CUST07052,Female,44,25,Two year,Fiber optic,39.91,1013.42,Credit card,Yes,Yes,No,Yes,0,high,14,40,16.54,stable,0.059,1.79,0,negative,call,email,call,email,0.6,0.19,0.33,0.09,48.88,1,11,1,0.18,0.48,converted,urban,high,mid-range,shared
CUST08159,Male,29,20,Month-to-month,Fiber optic,75.02,1591.59,Credit card,Yes,Yes,No,Yes,0,medium,6,81,47.69,stable,0.19,4.64,0,neutral,email,email,email,email,0.32,0.3,0.59,0.27,5.22,1,3,10,0.05,0.49,converted,urban,high,budget,single
CUST09897,Female,71,7,Month-to-month,DSL,65.14,475.01,Bank transfer,No,Yes,No,Yes,0,medium,26,11,15.25,stable,0.183,3.63,0,positive,whatsapp,sms,call,call,0.14,0.09,0.88,0.2,0.58,1,12,8,0.23,0.41,converted,semi-urban,high,premium,family
CUST02250,Male,61,64,Two year,Fiber optic,72.83,4640.1,Credit card,No,No,No,Yes,0,medium,40,41,26.24,increasing,0.096,1.14,0,positive,whatsapp,email,call,whatsapp,0.58,0.43,0.79,0.04,15.68,0,13,12,0.06,0.57,converted,rural,low,budget,family
CUST04641,Female,78,26,Month-to-month,Fiber optic,37.37,911.04,Credit card,No,Yes,Yes,Yes,1,low,39,63,13.54,increasing,0.066,1.02,5,positive,call,whatsapp,whatsapp,sms,0.34,0.33,0.94,0.25,64.46,0,2,1,0.04,0.55,clicked,semi-urban,high,budget,shared
CUST09486,Female,45,70,Month-to-month,Fiber optic,72.48,5080.31,Electronic check,Yes,No,No,Yes,0,high,28,18,46.87,decreasing,0.107,1.21,5,positive,whatsapp,call,whatsapp,sms,0.63,0.29,0.65,0.06,46.71,1,7,14,0.13,0.84,ignored,semi-urban,low,mid-range,shared
CUST04948,Female,20,61,One year,DSL,68.12,4071.16,Bank transfer,No,No,No,Yes,0,high,51,64,9.07,increasing,0.17,3.42,4,negative,email,call,email,whatsapp,0.77,0.12,0.73,0.13,12.8,1,15,9,0.13,0.11,ignored,semi-urban,low,premium,single
CUST09921,Male,35,2,Month-to-month,Fiber optic,84.17,227.6,Credit card,No,Yes,Yes,Yes,1,medium,33,27,3.2,increasing,0.131,4.21,0,negative,call,sms,call,sms,0.11,0.16,0.5,0.17,64.15,1,12,12,0.13,0.23,clicked,rural,low,premium,shared
CUST01964,Female,37,63,Month-to-month,DSL,57.26,3624.73,Bank transfer,No,Yes,No,Yes,1,medium,4,72,22.32,decreasing,0.161,1.95,0,negative,sms,whatsapp,whatsapp,email,0.58,0.12,0.92,0.16,34.1,1,2,5,0.11,0.79,converted,semi-urban,low,premium,single
CUST08244,Male,64,7,Month-to-month,DSL,22.1,138.88,Bank transfer,No,No,Yes,Yes,1,high,45,52,49.63,increasing,0.107,4.4,1,neutral,call,sms,call,sms,0.29,0.43,0.54,0.21,34.54,0,0,14,0.25,0.85,converted,rural,low,budget,family
CUST06591,Female,41,1,Month-to-month,No,35.18,30.69,Mailed check,Yes,No,No,Yes,1,medium,34,49,44.69,decreasing,0.127,1.23,3,neutral,sms,whatsapp,email,sms,0.8,0.31,0.78,0.2,67.39,1,11,9,0.13,0.99,ignored,rural,low,premium,family
CUST08848,Female,44,38,Month-to-month,DSL,42.98,1678.34,Electronic check,No,Yes,Yes,Yes,0,medium,38,15,37.68,decreasing,0.058,4.2,2,neutral,email,email,call,call,0.3,0.38,0.56,0.3,4.75,0,9,1,0.12,0.87,clicked,urban,low,premium,family
CUST00322,Male,66,17,One year,Fiber optic,80.85,1343.63,Credit card,No,No,No,No,0,medium,33,41,44.65,stable,0.147,4.71,2,neutral,call,email,email,sms,0.59,0.18,0.67,0.3,15.89,1,19,13,0.11,0.89,ignored,urban,middle,mid-range,shared
CUST02679,Male,30,23,One year,DSL,51.29,1148.29,Mailed check,No,No,Yes,No,0,low,33,77,44.78,increasing,0.04,4.09,1,negative,whatsapp,whatsapp,sms,sms,0.54,0.22,0.77,0.16,42.38,1,10,11,0.03,0.31,clicked,rural,low,mid-range,shared
CUST04626,Female,78,55,Month-to-month,DSL,35.32,1937.65,Mailed check,No,No,No,Yes,1,low,5,1,26.42,increasing,0.139,3.79,4,negative,call,email,sms,call,0.42,0.23,0.63,0.04,14.48,1,18,4,0.15,0.4,converted,urban,low,budget,family
CUST04950,Male,68,65,Month-to-month,Fiber optic,53.43,3340.68,Credit card,No,No,Yes,Yes,1,medium,33,68,16.48,increasing,0.172,4.35,1,negative,whatsapp,call,whatsapp,sms,0.64,0.39,0.89,0.22,49.09,1,4,8,0.06,0.27,clicked,semi-urban,high,premium,shared
CUST08329,Male,20,43,Month-to-month,No,49.09,2200.08,Electronic check,No,Yes,Yes,No,0,high,47,44,38.83,stable,0.026,1.16,0,neutral,whatsapp,whatsapp,email,call,0.68,0.4,0.57,0.29,15.81,0,8,5,0.16,0.61,converted,urban,low,premium,single
CUST03338,Female,33,13,Month-to-month,Fiber optic,66.46,837.08,Mailed check,Yes,No,No,Yes,1,low,18,64,33.42,increasing,0.123,1.81,4,positive,email,call,sms,sms,0.55,0.14,0.72,0.1,7.59,0,2,8,0.02,0.94,converted,semi-urban,low,mid-range,single
CUST05590,Female,23,66,Month-to-month,DSL,50.89,3366.12,Bank transfer,No,Yes,No,Yes,0,high,36,59,19.31,stable,0.019,1.5,5,negative,sms,whatsapp,email,sms,0.71,0.47,0.52,0.14,15.3,0,11,14,0.25,0.34,ignored,urban,low,mid-range,family
CUST00252,Male,36,14,Two year,DSL,66.3,846.51,Credit card,Yes,Yes,No,Yes,0,high,1,38,5.63,increasing,0.145,3.02,0,neutral,sms,email,whatsapp,sms,0.89,0.1,0.57,0.13,30.73,1,3,13,0.12,0.56,converted,semi-urban,low,mid-range,family
CUST03974,Male,31,59,Month-to-month,Fiber optic,83.45,4911.63,Bank transfer,Yes,No,Yes,Yes,0,low,20,27,37.59,stable,0.017,3.98,2,negative,email,call,email,whatsapp,0.44,0.45,0.59,0.02,13.09,0,9,3,0.23,0.3,clicked,rural,middle,budget,shared
CUST06631,Female,49,46,One year,Fiber optic,59.43,2753.06,Credit card,No,No,No,Yes,0,medium,26,56,13.86,increasing,0.187,3.52,4,neutral,sms,email,call,whatsapp,0.51,0.1,0.38,0.2,10.13,1,6,14,0.12,0.17,clicked,rural,high,mid-range,shared
CUST05548,Female,57,20,Month-to-month,Fiber optic,81.37,1728.99,Bank transfer,Yes,No,No,Yes,1,low,58,12,46.9,decreasing,0.027,4.4,4,negative,whatsapp,whatsapp,call,email,0.11,0.17,0.36,0.11,62.01,0,3,6,0.02,0.2,ignored,rural,high,premium,single
CUST00036,Male,28,64,Month-to-month,Fiber optic,58.82,3806.48,Electronic check,No,Yes,No,Yes,1,high,12,52,12.81,increasing,0.192,1.62,5,neutral,call,sms,whatsapp,sms,0.74,0.43,0.73,0.24,23.41,0,1,10,0.21,0.06,converted,urban,middle,premium,single
CUST08363,Male,60,40,Month-to-month,Fiber optic,60.13,2445.36,Mailed check,Yes,No,No,Yes,1,high,16,8,7.02,increasing,0.16,3.94,2,negative,call,sms,call,sms,0.52,0.13,0.73,0.25,26.29,0,10,11,0.17,0.95,converted,semi-urban,low,premium,shared
CUST01514,Male,56,35,Two year,DSL,80.73,2935.89,Bank transfer,Yes,No,Yes,Yes,0,medium,24,58,41.72,increasing,0.119,1.77,2,negative,email,whatsapp,email,whatsapp,0.43,0.24,0.73,0.25,4.45,0,18,7,0.2,0.4,ignored,urban,high,mid-range,family
CUST09318,Male,27,27,One year,No,37.99,1012.61,Bank transfer,No,No,No,Yes,0,low,59,56,8.51,decreasing,0.157,2.08,4,positive,call,sms,sms,sms,0.18,0.25,0.31,0.13,26.05,0,3,6,0.11,0.83,ignored,rural,low,premium,single
CUST00040,Male,41,52,Two year,Fiber optic,77.06,3967.32,Mailed check,Yes,No,No,Yes,0,high,51,7,9.78,increasing,0.159,3.84,0,neutral,call,call,sms,whatsapp,0.81,0.16,0.51,0.1,19.43,0,8,6,0.16,0.68,clicked,rural,middle,mid-range,shared
CUST04820,Male,66,23,Month-to-month,Fiber optic,74.32,1750.91,Bank transfer,No,No,No,Yes,0,medium,2,68,30.37,stable,0.189,4.92,1,neutral,call,call,call,whatsapp,0.42,0.37,0.43,0.23,44.15,1,4,12,0.22,0.19,ignored,urban,middle,mid-range,family
CUST03466,Female,40,24,One year,Fiber optic,79.07,1945.74,Bank transfer,No,No,Yes,Yes,1,high,14,37,43.85,stable,0.051,3.45,3,negative,email,whatsapp,call,call,0.65,0.43,0.81,0.24,15.19,1,16,5,0.16,0.18,converted,semi-urban,high,mid-range,shared
CUST01761,Female,27,36,Month-to-month,DSL,51.27,1809.74,Electronic check,Yes,No,Yes,Yes,1,high,49,70,10.63,stable,0.118,1.22,4,negative,email,whatsapp,whatsapp,email,0.22,0.44,0.86,0.15,64.02,1,8,4,0.09,0.81,converted,semi-urban,low,premium,shared
CUST02305,Male,35,48,Month-to-month,Fiber optic,68.56,3249.07,Bank transfer,Yes,No,No,Yes,0,high,3,3,16.21,decreasing,0.019,3.47,0,negative,call,whatsapp,sms,sms,0.87,0.2,0.46,0.27,66.97,0,19,5,0.17,0.26,clicked,semi-urban,middle,premium,shared
CUST03724,Female,61,67,Month-to-month,DSL,61.53,4123.06,Bank transfer,No,No,No,Yes,1,high,51,16,39.09,decreasing,0.123,1.17,3,neutral,sms,sms,email,email,0.24,0.29,0.73,0.05,7.64,1,4,2,0.17,0.91,converted,semi-urban,middle,budget,family
CUST08285,Female,73,34,One year,DSL,43.39,1434.59,Bank transfer,No,No,No,Yes,0,low,16,44,48.62,stable,0.034,4.54,2,neutral,email,email,sms,call,0.26,0.16,0.38,0.26,8.18,1,1,5,0.24,0.14,clicked,urban,middle,budget,shared
CUST04994,Male,27,62,One year,Fiber optic,57.93,3603.37,Credit card,No,Yes,No,Yes,0,medium,55,16,25.54,decreasing,0.113,3.84,3,neutral,sms,email,sms,whatsapp,0.79,0.16,0.48,0.04,8.75,1,11,1,0.1,0.68,converted,semi-urban,high,mid-range,shared
CUST08128,Female,74,55,Month-to-month,DSL,64.34,3477.3,Electronic check,No,Yes,Yes,No,0,medium,17,29,8.05,increasing,0.114,1.69,5,negative,call,call,sms,whatsapp,0.83,0.12,0.39,0.05,44.8,0,13,1,0.11,0.81,clicked,semi-urban,high,mid-range,single
CUST03033,Male,72,66,Month-to-month,Fiber optic,70.2,4571.41,Credit card,No,Yes,No,Yes,1,medium,26,59,1.68,decreasing,0.093,1.37,0,positive,whatsapp,sms,whatsapp,email,0.27,0.47,0.48,0.16,9.22,1,19,10,0.2,0.24,clicked,rural,middle,premium,single
CUST07939,Male,40,26,One year,No,42.54,1159.1,Credit card,No,No,No,No,0,low,39,13,12.25,stable,0.105,1.73,5,neutral,sms,email,sms,sms,0.48,0.45,0.74,0.03,61.45,1,17,1,0.13,0.28,ignored,rural,middle,mid-range,single
CUST03040,Male,38,9,Month-to-month,Fiber optic,71.79,740.09,Credit card,Yes,Yes,No,Yes,1,medium,7,60,7.46,decreasing,0.153,4.92,2,positive,sms,email,call,call,0.69,0.4,0.89,0.03,54.43,0,17,8,0.19,0.96,converted,rural,high,mid-range,family
CUST09656,Female,36,53,Month-to-month,Fiber optic,66.13,3563.91,Credit card,No,No,Yes,Yes,0,low,33,9,34.21,decreasing,0.16,2.83,4,negative,whatsapp,sms,email,call,0.8,0.28,0.43,0.01,59.12,0,12,11,0.12,0.26,clicked,urban,middle,premium,family
CUST02546,Male,33,60,Two year,DSL,53.26,3215.5,Mailed check,No,No,Yes,No,0,high,30,15,6.97,decreasing,0.098,4.14,2,neutral,whatsapp,sms,email,call,0.4,0.27,0.65,0.14,38.11,1,7,10,0.06,0.43,converted,rural,low,mid-range,single
CUST02593,Male,18,30,One year,No,26.79,841.58,Mailed check,No,No,No,No,0,high,47,52,25.81,decreasing,0.12,3.55,1,neutral,call,email,whatsapp,call,0.51,0.29,0.76,0.23,71.76,0,8,6,0.19,0.43,ignored,semi-urban,middle,mid-range,family
CUST01189,Male,44,49,Month-to-month,Fiber optic,69.0,3341.25,Electronic check,No,No,No,Yes,1,high,59,71,35.02,stable,0.186,3.29,4,neutral,email,sms,call,email,0.69,0.29,0.92,0.02,3.66,0,2,2,0.04,0.25,clicked,semi-urban,low,mid-range,single
CUST07967,Female,56,70,Two year,No,39.5,2801.8,Mailed check,Yes,No,No,No,0,high,39,15,29.47,increasing,0.024,1.58,4,neutral,call,sms,email,email,0.68,0.25,0.7,0.2,29.19,1,8,13,0.06,0.78,clicked,rural,low,mid-range,family
CUST06078,Female,55,46,Month-to-month,Fiber optic,65.63,2968.94,Mailed check,No,No,Yes,No,1,medium,24,26,10.79,stable,0.023,4.78,0,negative,email,email,sms,sms,0.73,0.11,0.47,0.25,23.66,0,7,12,0.16,0.77,converted,rural,middle,premium,family
CUST00108,Female,31,29,Month-to-month,Fiber optic,71.03,1975.44,Mailed check,No,No,No,Yes,0,high,24,83,40.4,increasing,0.018,2.21,4,neutral,call,sms,sms,call,0.56,0.11,0.71,0.06,68.33,0,0,9,0.19,0.38,clicked,urban,high,premium,family
CUST01316,Female,64,3,Month-to-month,DSL,49.96,95.72,Bank transfer,No,No,No,Yes,1,medium,25,89,36.05,decreasing,0.132,3.31,4,neutral,sms,whatsapp,call,whatsapp,0.18,0.48,0.51,0.05,41.75,0,4,1,0.22,0.84,converted,semi-urban,high,mid-range,family
CUST08188,Female,71,70,Month-to-month,DSL,20.0,1380.87,Electronic check,No,Yes,Yes,Yes,1,low,48,52,37.21,increasing,0.084,3.8,2,positive,sms,sms,sms,email,0.82,0.27,0.93,0.26,58.14,1,10,0,0.08,0.21,clicked,rural,low,mid-range,family
CUST02754,Female,32,28,Two year,Fiber optic,56.3,1619.83,Bank transfer,No,No,Yes,Yes,0,high,19,40,7.42,increasing,0.155,3.6,5,positive,sms,email,whatsapp,call,0.79,0.48,0.56,0.25,12.68,0,7,4,0.04,0.0,ignored,semi-urban,middle,mid-range,shared
CUST09754,Female,78,17,Month-to-month,Fiber optic,78.21,1293.33,Bank transfer,No,Yes,No,Yes,0,medium,10,31,7.06,increasing,0.134,4.76,3,neutral,email,email,email,whatsapp,0.74,0.12,0.75,0.17,70.47,1,19,2,0.24,0.57,converted,urban,low,budget,shared
CUST06232,Male,54,48,Month-to-month,DSL,48.04,2347.21,Mailed check,No,Yes,No,No,1,low,20,55,46.45,stable,0.067,1.59,2,negative,call,call,call,call,0.18,0.3,0.32,0.25,36.15,0,9,12,0.05,0.99,ignored,semi-urban,high,mid-range,shared
CUST02877,Female,68,34,Month-to-month,Fiber optic,47.87,1598.19,Bank transfer,No,No,Yes,Yes,1,medium,1,53,20.48,stable,0.18,3.03,0,negative,sms,whatsapp,sms,call,0.26,0.14,0.56,0.04,35.8,1,19,3,0.06,0.04,converted,rural,low,budget,family
CUST05324,Female,43,49,Month-to-month,DSL,41.92,2119.11,Electronic check,No,Yes,Yes,Yes,1,high,6,26,15.75,decreasing,0.153,2.62,4,neutral,email,call,call,sms,0.69,0.16,0.87,0.12,69.92,1,13,4,0.08,0.21,clicked,urban,high,budget,family
CUST00800,Male,65,49,Two year,Fiber optic,73.77,3702.0,Credit card,Yes,Yes,Yes,Yes,1,low,5,2,24.94,stable,0.054,2.9,1,neutral,sms,email,whatsapp,email,0.12,0.06,0.7,0.22,27.72,1,0,14,0.14,0.52,converted,rural,high,budget,single
CUST03571,Male,60,7,One year,Fiber optic,73.43,570.85,Mailed check,No,No,No,Yes,0,medium,46,13,33.48,increasing,0.073,1.48,4,neutral,call,email,email,whatsapp,0.88,0.1,0.59,0.08,28.92,1,4,12,0.22,0.81,converted,rural,high,mid-range,family
CUST02895,Male,63,71,Month-to-month,Fiber optic,96.3,6839.59,Mailed check,No,Yes,No,Yes,1,low,43,86,47.83,increasing,0.063,1.54,3,positive,whatsapp,email,sms,call,0.4,0.46,0.91,0.23,42.31,0,14,3,0.19,0.09,ignored,rural,low,budget,single
CUST02928,Female,54,16,Month-to-month,DSL,55.76,971.7,Electronic check,No,No,No,Yes,1,high,41,37,15.04,increasing,0.032,2.11,2,positive,call,call,call,sms,0.68,0.19,0.86,0.16,9.66,1,10,5,0.18,0.4,clicked,urban,high,mid-range,family
CUST08179,Male,61,21,Month-to-month,DSL,69.7,1422.96,Credit card,No,No,Yes,Yes,0,medium,27,43,46.32,stable,0.03,2.22,0,neutral,whatsapp,call,email,email,0.81,0.32,0.51,0.23,23.46,1,6,7,0.05,0.75,ignored,urban,high,mid-range,single
CUST00972,Male,73,64,Month-to-month,DSL,55.29,3479.53,Electronic check,Yes,Yes,No,Yes,1,low,43,42,2.22,decreasing,0.187,2.71,4,positive,whatsapp,call,email,whatsapp,0.42,0.26,0.65,0.14,14.31,1,10,9,0.1,0.37,ignored,semi-urban,middle,mid-range,family
CUST06688,Female,35,7,One year,DSL,60.65,429.24,Mailed check,No,Yes,No,No,1,low,9,70,28.2,stable,0.088,3.44,0,positive,call,call,email,call,0.36,0.23,0.62,0.12,7.88,1,18,14,0.12,0.19,ignored,semi-urban,high,premium,shared
CUST08576,Female,38,52,Two year,Fiber optic,66.48,3490.77,Bank transfer,No,No,Yes,Yes,1,medium,54,5,32.06,decreasing,0.077,3.54,2,positive,sms,whatsapp,sms,sms,0.59,0.29,0.71,0.07,62.43,1,7,13,0.05,0.2,clicked,semi-urban,high,mid-range,shared
CUST02021,Male,52,31,Month-to-month,Fiber optic,73.81,2233.11,Mailed check,No,No,Yes,No,1,high,30,7,6.19,increasing,0.146,2.65,5,positive,call,whatsapp,email,whatsapp,0.56,0.13,0.52,0.07,42.64,0,0,14,0.08,0.41,ignored,rural,low,premium,family
CUST09055,Male,39,28,Month-to-month,Fiber optic,80.17,2185.52,Bank transfer,No,Yes,Yes,Yes,1,high,56,24,7.88,increasing,0.111,2.64,5,neutral,whatsapp,call,sms,email,0.43,0.49,0.46,0.23,26.15,0,6,0,0.08,0.48,clicked,rural,high,premium,single
CUST00953,Male,29,20,Month-to-month,DSL,52.79,1042.88,Electronic check,Yes,No,Yes,Yes,0,medium,9,43,21.54,decreasing,0.187,1.87,5,negative,whatsapp,email,sms,sms,0.58,0.42,0.89,0.04,29.72,0,18,3,0.04,0.86,clicked,urban,high,budget,single
CUST05360,Male,65,8,Month-to-month,DSL,61.14,446.76,Bank transfer,Yes,No,No,No,1,low,29,60,48.35,increasing,0.156,3.35,5,negative,email,email,email,whatsapp,0.85,0.38,0.9,0.03,31.35,0,15,8,0.14,0.64,clicked,rural,low,budget,single
CUST03858,Male,78,29,Month-to-month,DSL,42.2,1197.5,Bank transfer,Yes,No,No,No,1,high,41,44,30.21,increasing,0.096,2.27,3,neutral,call,call,sms,email,0.47,0.26,0.85,0.06,45.77,1,16,0,0.18,0.69,clicked,urban,low,mid-range,shared
CUST05862,Female,59,40,Month-to-month,Fiber optic,74.04,2925.72,Electronic check,No,No,Yes,Yes,1,medium,29,39,46.72,stable,0.075,1.14,1,neutral,email,email,email,whatsapp,0.26,0.12,0.94,0.06,66.76,1,18,5,0.03,0.98,clicked,semi-urban,high,premium,shared
CUST03146,Female,23,18,Month-to-month,Fiber optic,68.74,1175.07,Bank transfer,Yes,Yes,No,Yes,1,high,26,84,40.41,decreasing,0.197,2.67,5,positive,sms,sms,call,email,0.4,0.46,0.78,0.25,67.19,0,2,2,0.13,0.41,converted,urban,low,budget,family
CUST03306,Male,26,35,One year,Fiber optic,77.72,2674.5,Bank transfer,No,No,Yes,Yes,0,low,9,14,23.9,decreasing,0.144,2.9,4,positive,call,whatsapp,sms,call,0.42,0.2,0.8,0.13,28.49,0,5,13,0.2,0.4,clicked,semi-urban,middle,budget,single
CUST03007,Female,50,5,Month-to-month,DSL,66.65,403.71,Mailed check,No,Yes,No,No,1,low,22,51,39.45,increasing,0.19,1.9,5,neutral,sms,email,sms,sms,0.2,0.07,0.8,0.3,24.04,1,1,0,0.19,0.92,clicked,rural,high,premium,single
CUST09002,Female,27,55,Two year,Fiber optic,79.22,4412.35,Credit card,No,Yes,No,No,0,high,14,48,1.87,decreasing,0.024,3.29,3,neutral,sms,call,sms,call,0.23,0.2,0.61,0.05,32.75,1,0,2,0.21,0.25,converted,semi-urban,middle,premium,shared
CUST07771,Female,73,6,Month-to-month,DSL,59.78,379.2,Credit card,No,No,No,Yes,1,high,18,42,6.35,decreasing,0.17,3.26,0,positive,whatsapp,call,whatsapp,sms,0.65,0.41,0.6,0.2,41.11,1,16,2,0.12,0.73,clicked,rural,high,budget,single
CUST07439,Male,47,14,Month-to-month,Fiber optic,56.48,879.76,Bank transfer,No,Yes,No,Yes,0,medium,41,72,41.64,decreasing,0.127,3.81,3,neutral,sms,email,email,whatsapp,0.37,0.33,0.46,0.14,33.52,1,18,2,0.21,0.75,converted,urban,low,mid-range,single
CUST07943,Female,73,70,One year,Fiber optic,67.29,4713.39,Credit card,Yes,Yes,No,Yes,0,high,37,24,40.04,decreasing,0.024,3.59,2,positive,call,whatsapp,email,email,0.86,0.39,0.72,0.12,47.6,1,3,8,0.07,0.1,ignored,semi-urban,low,mid-range,single
CUST09239,Male,28,35,Two year,No,39.86,1391.7,Mailed check,No,No,No,Yes,0,high,36,85,12.4,increasing,0.118,3.61,5,positive,email,call,sms,email,0.29,0.41,0.49,0.26,40.14,1,14,5,0.1,0.47,clicked,semi-urban,high,budget,single
CUST01057,Female,70,66,Month-to-month,No,25.2,1617.5,Mailed check,Yes,No,No,Yes,1,medium,21,29,27.01,decreasing,0.137,2.26,2,negative,sms,whatsapp,email,sms,0.18,0.15,0.47,0.29,23.43,0,10,13,0.05,0.2,converted,rural,middle,budget,family
CUST03155,Male,29,61,Month-to-month,Fiber optic,92.86,5704.73,Bank transfer,No,No,No,Yes,1,high,57,49,30.69,increasing,0.002,4.15,1,neutral,call,sms,email,whatsapp,0.7,0.47,0.68,0.26,25.22,1,1,3,0.12,0.19,ignored,rural,low,mid-range,shared
CUST03788,Male,19,71,Month-to-month,DSL,62.02,4423.8,Credit card,No,Yes,No,Yes,0,low,5,46,43.52,decreasing,0.091,3.2,0,neutral,whatsapp,whatsapp,email,sms,0.8,0.25,0.57,0.07,27.57,0,18,8,0.1,0.46,clicked,semi-urban,low,mid-range,single
CUST09190,Male,26,19,Month-to-month,Fiber optic,90.28,1733.62,Mailed check,Yes,Yes,No,No,1,low,20,76,30.55,stable,0.165,2.73,5,negative,email,whatsapp,whatsapp,whatsapp,0.32,0.34,0.44,0.07,7.27,0,17,9,0.07,0.29,ignored,urban,middle,budget,shared
CUST07826,Male,30,58,One year,No,43.57,2536.65,Credit card,No,Yes,Yes,No,0,high,7,39,21.22,decreasing,0.059,3.5,4,negative,whatsapp,whatsapp,call,whatsapp,0.26,0.05,0.83,0.2,12.37,0,11,9,0.19,0.8,clicked,semi-urban,middle,mid-range,single
CUST07540,Female,51,27,Month-to-month,Fiber optic,56.56,1586.76,Electronic check,Yes,No,No,No,1,medium,20,25,19.34,stable,0.092,2.44,0,negative,whatsapp,sms,email,call,0.25,0.5,0.86,0.09,52.2,0,14,11,0.09,0.91,converted,urban,low,budget,single
CUST07232,Female,77,59,Month-to-month,Fiber optic,64.53,3912.4,Mailed check,No,No,No,No,1,low,57,1,21.87,stable,0.088,3.05,2,neutral,sms,email,call,whatsapp,0.52,0.18,0.41,0.22,28.32,0,7,3,0.08,0.8,clicked,semi-urban,middle,premium,single
